{
  "correlation_dimension": 7.922446058674898,
  "r_squared": 0.9892052987072479,
  "total_sequences": 26284,
  "high_entropy_sequences": 11002,
  "high_entropy_fraction": 0.418581646629128,
  "text_lengths": [
    256,
    498,
    164,
    162,
    451,
    244,
    152,
    419,
    135,
    370,
    137,
    552,
    270,
    264,
    241,
    454,
    65,
    343,
    644,
    207,
    57,
    620,
    350,
    242,
    285,
    637,
    376,
    488,
    222,
    159,
    132,
    61,
    160,
    222,
    185,
    115,
    214,
    195,
    102,
    150,
    168,
    521,
    124,
    478,
    444,
    302,
    371,
    338,
    121,
    111,
    311,
    307,
    191,
    91,
    47,
    109,
    136,
    198,
    70,
    130,
    742,
    230,
    786,
    338,
    402,
    40,
    202,
    136,
    227,
    212,
    115,
    163,
    140,
    142,
    163,
    141,
    118,
    81,
    474,
    60,
    498,
    237,
    282,
    204,
    177,
    267,
    80,
    386,
    654,
    356,
    99,
    153,
    178,
    103,
    629,
    303,
    645,
    100,
    57,
    396
  ],
  "eta_threshold": 0.4,
  "epsilons": [
    0.07880858331918716,
    0.09514475613832474,
    0.11486722528934479,
    0.13867796957492828,
    0.16742439568042755,
    0.20212966203689575,
    0.2440289705991745,
    0.2946135401725769,
    0.35568374395370483,
    0.4294131398200989,
    0.5184258222579956,
    0.6258898973464966,
    0.7556300759315491,
    0.9122640490531921,
    1.1013665199279785,
    1.3296678066253662,
    1.60529363155365,
    1.9380536079406738,
    2.3397910594940186,
    2.8248045444488525
  ],
  "correlation_integrals": [
    0.0,
    0.0,
    0.0,
    0.0,
    0.0,
    0.0,
    0.0,
    0.0,
    0.0,
    8.262209405529575e-08,
    1.0410384447823162e-06,
    5.089520982437534e-06,
    2.5530227503622882e-05,
    0.0001454809826100245,
    0.0007351383683271706,
    0.003065048484131694,
    0.010865962132811546,
    0.03373744338750839,
    0.09805569052696228,
    0.3871719539165497
  ],
  "model_name": "gpt2",
  "processing_time": 90.94505834579468,
  "text_statistics": {
    "num_texts": 100,
    "total_characters": 66160,
    "total_words": 11070,
    "avg_chars_per_text": 661.6,
    "avg_words_per_text": 110.7,
    "min_chars": 112,
    "max_chars": 1847,
    "min_words": 13,
    "max_words": 362
  },
  "parameters": {
    "max_context_length": 512,
    "eta_threshold": 0.4,
    "dimension_reduction": null,
    "batch_size": 8
  }
}